{
  "name": "college-chatbot-backend",
  "version": "1.0.0",
  "description": "Backend API for college chatbot",
  "main": "server.js",
  "scripts": {
    "dev": "nodemon server.js",
    "start": "node server.js",
    "test": "echo \"Error: no test specified\" && exit 1"
  },
  "dependencies": {
    "express": "^4.18.2",
    "cors": "^2.8.5",
    "helmet": "^7.1.0",
    "dotenv": "^16.3.1",
    "axios": "^1.6.2",
    "node-cron": "^3.0.3",
    "@google/generative-ai": "^0.2.1",
    "express-rate-limit": "^7.1.5",
    "morgan": "^1.10.0"
  },
  "devDependencies": {
    "nodemon": "^3.0.2"
  },
  "engines": {
    "node": ">=18.0.0"
  }
}